/*==============================================================*/
/* DBMS name:      MySQL 5.0                                    */
/* Created on:     12/01/2017 03:35:12 p.m.                     */
/*==============================================================*/


drop table if exists ACCION;

drop table if exists ASOCIACIONES;

drop table if exists BECA;

drop table if exists BITACORA;

drop table if exists CARGO;

drop table if exists DEPARTAMENTO;

drop table if exists DETALLE_USUARIO;

drop table if exists DOCUMENTO;

drop table if exists EDUCACION;

drop table if exists EXPEDIENTE;

drop table if exists FACULTAD;

drop table if exists IDIOMA;

drop table if exists INSTITUCION;

drop table if exists INVESTIGACIONES;

drop table if exists MUNICIPIO;

drop table if exists OBSERVACIONES;

drop table if exists OFERTA_BECA;

drop table if exists PROGRAMA_ESTUDIO;

drop table if exists PROGRESO;

drop table if exists PRORROGA;

drop table if exists REFERENCIAS;

drop table if exists SOLICITUD_DE_BECA;

drop table if exists TIPO_DOCUMENTO;

drop table if exists TIPO_USUARIO;

drop table if exists USUARIO;

/*==============================================================*/
/* Table: ACCION                                                */
/*==============================================================*/
create table ACCION
(
   ID_ACCION            INT not null,
   ACCION               VARCHAR(30),
   primary key (ID_ACCION)
);

/*==============================================================*/
/* Table: ASOCIACIONES                                          */
/*==============================================================*/
create table ASOCIACIONES
(
   ID_ASOCIACION        INT not null,
   ID_DETALLE_USUARIO   INT,
   NOMBRE_ASOCIACION    VARCHAR(100),
   primary key (ID_ASOCIACION)
);

/*==============================================================*/
/* Table: BECA                                                  */
/*==============================================================*/
create table BECA
(
   ID_BECA              INT not null,
   ID_EXPEDIENTE        INT not null,
   FECHA_INICIO         DATE,
   FECHA_FIN            DATE,
   primary key (ID_BECA)
);

/*==============================================================*/
/* Table: BITACORA                                              */
/*==============================================================*/
create table BITACORA
(
   ID_BITACORA          INT not null,
   ID_ACCION            INT,
   ID_USUARIO           INT,
   FECHA_BITACORA       TIMESTAMP,
   DESCRIPCION          VARCHAR(1024),
   SQL_SCRIPT           VARCHAR(1024),
   primary key (ID_BITACORA)
);

/*==============================================================*/
/* Table: CARGO                                                 */
/*==============================================================*/
create table CARGO
(
   ID_CARGO             INT not null,
   ID_DETALLE_USUARIO   INT,
   NOMBRE_CARGO         VARCHAR(50),
   FECHA_INICIO         DATE,
   FECHA_FIN            DATE,
   LUGAR                VARCHAR(100),
   RESPONSABILIDADES    VARCHAR(250),
   primary key (ID_CARGO)
);

/*==============================================================*/
/* Table: DEPARTAMENTO                                          */
/*==============================================================*/
create table DEPARTAMENTO
(
   ID_DEPARTAMENTO      INT not null,
   NOMBRE_DEPARTAMENTO  VARCHAR(20),
   primary key (ID_DEPARTAMENTO)
);

/*==============================================================*/
/* Table: DETALLE_USUARIO                                       */
/*==============================================================*/
create table DETALLE_USUARIO
(
   ID_DETALLE_USUARIO   INT not null,
   ID_USUARIO           INT not null,
   ID_MUNICIPIO         INT,
   ID_FACULTAD          INT not null,
   ID_MUNICIPIO_NACIMIENTO INT,
   CARNET               VARCHAR(20),
   NOMBRE1_DU           VARCHAR(15),
   NOMBRE2_DU           VARCHAR(15),
   APELLIDO1_DU         VARCHAR(15),
   APELLIDO2_DU         VARCHAR(15),
   DEPARTAMENTO         VARCHAR(100),
   FECHA_NACIMIENTO     DATE,
   PROFESION            VARCHAR(30),
   FECHA_CONTRATACION   DATE,
   TELEFONO_MOVIL       VARCHAR(9),
   TELEFONO_CASA        VARCHAR(9),
   TELEFONO_OFICINA     VARCHAR(9),
   DIRECCION            VARCHAR(250),
   GENERO               VARCHAR(1),
   EMAIL                VARCHAR(30),
   primary key (ID_DETALLE_USUARIO)
);

/*==============================================================*/
/* Table: DOCUMENTO                                             */
/*==============================================================*/
create table DOCUMENTO
(
   ID_DOCUMENTO         INT not null,
   ID_TIPO_DOCUMENTO    INT,
   ID_EXPEDIENTE        INT not null,
   DOCUMENTO_DIGITAL    LONGBLOB,
   FECHA_SOLICITUD      DATE,
   OBSERVACION_O        VARCHAR(1024),
   FECHA_INGRESO        DATE,
   ESTADO_DOCUMENTO     VARCHAR(15),
   primary key (ID_DOCUMENTO)
);

/*==============================================================*/
/* Table: EDUCACION                                             */
/*==============================================================*/
create table EDUCACION
(
   ID_EDUCACION         INT not null,
   ID_DETALLE_USUARIO   INT,
   TIPO_EDUCACION       VARCHAR(20),
   GRADO_ALCANZADO      VARCHAR(30),
   NOMBRE_INSTITUCION   VARCHAR(100),
   ANIO                 INT,
   primary key (ID_EDUCACION)
);

/*==============================================================*/
/* Table: EXPEDIENTE                                            */
/*==============================================================*/
create table EXPEDIENTE
(
   ID_EXPEDIENTE        INT not null,
   ID_PROGRESO          INT,
   ESTADO_EXPEDIENTE    VARCHAR(10),
   ESTADO_PROGRESO      VARCHAR(15),
   primary key (ID_EXPEDIENTE)
);

/*==============================================================*/
/* Table: FACULTAD                                              */
/*==============================================================*/
create table FACULTAD
(
   ID_FACULTAD          INT not null,
   FACULTAD             VARCHAR(50),
   primary key (ID_FACULTAD)
);

/*==============================================================*/
/* Table: IDIOMA                                                */
/*==============================================================*/
create table IDIOMA
(
   ID_IDIOMA            INT not null,
   ID_DETALLE_USUARIO   INT,
   IDIOMA               VARCHAR(20),
   NIVEL_HABLA          VARCHAR(15),
   NIVEL_LECTURA        VARCHAR(15),
   NIVEL_ESCRITO        VARCHAR(15),
   primary key (ID_IDIOMA)
);

/*==============================================================*/
/* Table: INSTITUCION                                           */
/*==============================================================*/
create table INSTITUCION
(
   ID_INSTITUCION       INT not null,
   NOMBRE_INSTITUCION   VARCHAR(100),
   TIPO_INSTITUCION     VARCHAR(20),
   PAIS                 VARCHAR(20),
   PAGINA_WEB           VARCHAR(100),
   EMAIL                VARCHAR(30),
   INSTITUCION_ACTIVA   BOOL,
   primary key (ID_INSTITUCION)
);

/*==============================================================*/
/* Table: INVESTIGACIONES                                       */
/*==============================================================*/
create table INVESTIGACIONES
(
   ID_INVESTIGACION     INT not null,
   ID_DETALLE_USUARIO   INT,
   TITULO_INVESTIGACION VARCHAR(100),
   PUBLICADO            BOOL,
   primary key (ID_INVESTIGACION)
);

/*==============================================================*/
/* Table: MUNICIPIO                                             */
/*==============================================================*/
create table MUNICIPIO
(
   ID_MUNICIPIO         INT not null,
   ID_DEPARTAMENTO      INT not null,
   NOMBRE_MUNICIPIO     VARCHAR(30),
   primary key (ID_MUNICIPIO)
);

/*==============================================================*/
/* Table: OBSERVACIONES                                         */
/*==============================================================*/
create table OBSERVACIONES
(
   ID_OBSERVACION       INT not null,
   ID_EXPEDIENTE        INT,
   OBSERVACION_O        VARCHAR(1024),
   primary key (ID_OBSERVACION)
);

/*==============================================================*/
/* Table: OFERTA_BECA                                           */
/*==============================================================*/
create table OFERTA_BECA
(
   ID_OFERTA_BECA       INT not null,
   ID_INSTITUCION_ESTUDIO INT not null,
   ID_INSTITUCION_FINANCIERA INT not null,
   ID_DOCUMENTO         INT not null,
   NOMBRE_OFERTA        VARCHAR(100),
   TIPO_OFERTA_BECA     VARCHAR(10),
   DURACION             INT,
   FECHA_CIERRE         DATE,
   MODALIDAD            VARCHAR(20),
   FECHA_INICIO         DATE,
   IDIOMA               VARCHAR(20),
   FINANCIAMIENTO       VARCHAR(20),
   PERFIL               VARCHAR(2000),
   FECHA_INGRESO        DATE,
   TIPO_ESTUDIO         VARCHAR(15),
   OFERTA_BECA_ACTIVA   BOOL,
   primary key (ID_OFERTA_BECA)
);

/*==============================================================*/
/* Table: PROGRAMA_ESTUDIO                                      */
/*==============================================================*/
create table PROGRAMA_ESTUDIO
(
   ID_PROGRAMA_ESTUDIO  INT not null,
   ID_SOLICITUD         INT,
   SEMESTRE             INT,
   PROGRAMA_ESTUDIO     VARCHAR(1024),
   primary key (ID_PROGRAMA_ESTUDIO)
);

/*==============================================================*/
/* Table: PROGRESO                                              */
/*==============================================================*/
create table PROGRESO
(
   ID_PROGRESO          INT not null,
   NOMBRE_PROGRESO      VARCHAR(50),
   DESCRIPCION_PROGRESO VARCHAR(1024),
   ESTADO_BECARIO       VARCHAR(15),
   primary key (ID_PROGRESO)
);

/*==============================================================*/
/* Table: PRORROGA                                              */
/*==============================================================*/
create table PRORROGA
(
   ID_PRORROGA          int not null,
   ID_BECA              INT,
   ID_DOCUMENTO         INT,
   FECHA_INICIO_PRORROGA date not null,
   FECHA_FIN_PRORROGA   date not null,
   ESTADO_PRORROGA      VARCHAR(10),
   primary key (ID_PRORROGA)
);

/*==============================================================*/
/* Table: REFERENCIAS                                           */
/*==============================================================*/
create table REFERENCIAS
(
   ID_REFERENCIA        INT not null,
   ID_SOLICITUD         INT,
   ID_MUNICIPIO         INT,
   NOMBRE1_DU           VARCHAR(15),
   NOMBRE2_DU           VARCHAR(15),
   APELLIDO1_DU         VARCHAR(15),
   APELLIDO2_DU         VARCHAR(15),
   DOMICILIO            VARCHAR(50),
   TELEFONO_MOVIL       VARCHAR(9),
   primary key (ID_REFERENCIA)
);

/*==============================================================*/
/* Table: SOLICITUD_DE_BECA                                     */
/*==============================================================*/
create table SOLICITUD_DE_BECA
(
   ID_SOLICITUD         INT not null,
   ID_USUARIO           INT,
   ID_EXPEDIENTE        INT,
   ID_OFERTA_BECA       INT not null,
   FECHA_SOLICITUD      DATE,
   BENEFICIOS           VARCHAR(1024),
   primary key (ID_SOLICITUD)
);

/*==============================================================*/
/* Table: TIPO_DOCUMENTO                                        */
/*==============================================================*/
create table TIPO_DOCUMENTO
(
   ID_TIPO_DOCUMENTO    INT not null,
   TIPO_DOCUMENTO       VARCHAR(100),
   DEPARTAMENTO         VARCHAR(100),
   DESCRIPCION          VARCHAR(1024),
   primary key (ID_TIPO_DOCUMENTO)
);

/*==============================================================*/
/* Table: TIPO_USUARIO                                          */
/*==============================================================*/
create table TIPO_USUARIO
(
   ID_TIPO_USUARIO      INT not null,
   TIPO_USUARIO         VARCHAR(50),
   DESCRIPCION_TIPO_USUARIO VARCHAR(300),
   primary key (ID_TIPO_USUARIO)
);

/*==============================================================*/
/* Table: USUARIO                                               */
/*==============================================================*/
create table USUARIO
(
   ID_USUARIO           INT not null,
   ID_TIPO_USUARIO      INT not null,
   NOMBRE_USUARIO       VARCHAR(20),
   CLAVE                VARCHAR(32),
   primary key (ID_USUARIO)
);

alter table ASOCIACIONES add constraint FK_PERTENECE foreign key (ID_DETALLE_USUARIO)
      references DETALLE_USUARIO (ID_DETALLE_USUARIO) on delete restrict on update restrict;

alter table BECA add constraint FK_RELATIONSHIP_14 foreign key (ID_EXPEDIENTE)
      references EXPEDIENTE (ID_EXPEDIENTE) on delete restrict on update restrict;

alter table BITACORA add constraint FK_RELATIONSHIP_8 foreign key (ID_ACCION)
      references ACCION (ID_ACCION) on delete restrict on update restrict;

alter table BITACORA add constraint FK_RELATIONSHIP_9 foreign key (ID_USUARIO)
      references USUARIO (ID_USUARIO) on delete restrict on update restrict;

alter table CARGO add constraint FK_RELATIONSHIP_26 foreign key (ID_DETALLE_USUARIO)
      references DETALLE_USUARIO (ID_DETALLE_USUARIO) on delete restrict on update restrict;

alter table DETALLE_USUARIO add constraint FK_CONTIENE3 foreign key (ID_FACULTAD)
      references FACULTAD (ID_FACULTAD) on delete restrict on update restrict;

alter table DETALLE_USUARIO add constraint FK_NACE2 foreign key (ID_MUNICIPIO_NACIMIENTO)
      references MUNICIPIO (ID_MUNICIPIO) on delete restrict on update restrict;

alter table DETALLE_USUARIO add constraint FK_NECESITA2 foreign key (ID_USUARIO)
      references USUARIO (ID_USUARIO) on delete restrict on update restrict;

alter table DETALLE_USUARIO add constraint FK_RELATIONSHIP_3 foreign key (ID_MUNICIPIO)
      references MUNICIPIO (ID_MUNICIPIO) on delete restrict on update restrict;

alter table DOCUMENTO add constraint FK_ALMACENA foreign key (ID_EXPEDIENTE)
      references EXPEDIENTE (ID_EXPEDIENTE) on delete restrict on update restrict;

alter table DOCUMENTO add constraint FK_ES_DE foreign key (ID_TIPO_DOCUMENTO)
      references TIPO_DOCUMENTO (ID_TIPO_DOCUMENTO) on delete restrict on update restrict;

alter table EDUCACION add constraint FK_TIENE foreign key (ID_DETALLE_USUARIO)
      references DETALLE_USUARIO (ID_DETALLE_USUARIO) on delete restrict on update restrict;

alter table EXPEDIENTE add constraint FK_RELATIONSHIP_16 foreign key (ID_PROGRESO)
      references PROGRESO (ID_PROGRESO) on delete restrict on update restrict;

alter table IDIOMA add constraint FK_HABLA foreign key (ID_DETALLE_USUARIO)
      references DETALLE_USUARIO (ID_DETALLE_USUARIO) on delete restrict on update restrict;

alter table INVESTIGACIONES add constraint FK_RELATIONSHIP_21 foreign key (ID_DETALLE_USUARIO)
      references DETALLE_USUARIO (ID_DETALLE_USUARIO) on delete restrict on update restrict;

alter table MUNICIPIO add constraint FK_RELATIONSHIP_4 foreign key (ID_DEPARTAMENTO)
      references DEPARTAMENTO (ID_DEPARTAMENTO) on delete restrict on update restrict;

alter table OBSERVACIONES add constraint FK_SE_REALIZAN_A foreign key (ID_EXPEDIENTE)
      references EXPEDIENTE (ID_EXPEDIENTE) on delete restrict on update restrict;

alter table OFERTA_BECA add constraint FK_ES_FINANCIADA foreign key (ID_INSTITUCION_ESTUDIO)
      references INSTITUCION (ID_INSTITUCION) on delete restrict on update restrict;

alter table OFERTA_BECA add constraint FK_ES_IMPARTIDA foreign key (ID_INSTITUCION_FINANCIERA)
      references INSTITUCION (ID_INSTITUCION) on delete restrict on update restrict;

alter table OFERTA_BECA add constraint FK_RELATIONSHIP_13 foreign key (ID_DOCUMENTO)
      references DOCUMENTO (ID_DOCUMENTO) on delete restrict on update restrict;

alter table PROGRAMA_ESTUDIO add constraint FK_RELATIONSHIP_24 foreign key (ID_SOLICITUD)
      references SOLICITUD_DE_BECA (ID_SOLICITUD) on delete restrict on update restrict;

alter table PRORROGA add constraint FK_REFERENCE_28 foreign key (ID_BECA)
      references BECA (ID_BECA) on delete restrict on update restrict;

alter table PRORROGA add constraint FK_REFERENCE_29 foreign key (ID_DOCUMENTO)
      references DOCUMENTO (ID_DOCUMENTO) on delete restrict on update restrict;

alter table REFERENCIAS add constraint FK_RELATIONSHIP_25 foreign key (ID_SOLICITUD)
      references SOLICITUD_DE_BECA (ID_SOLICITUD) on delete restrict on update restrict;

alter table REFERENCIAS add constraint FK_RELATIONSHIP_29 foreign key (ID_MUNICIPIO)
      references MUNICIPIO (ID_MUNICIPIO) on delete restrict on update restrict;

alter table SOLICITUD_DE_BECA add constraint FK_CONTIENE2 foreign key (ID_OFERTA_BECA)
      references OFERTA_BECA (ID_OFERTA_BECA) on delete restrict on update restrict;

alter table SOLICITUD_DE_BECA add constraint FK_REALIZA foreign key (ID_USUARIO)
      references USUARIO (ID_USUARIO) on delete restrict on update restrict;

alter table SOLICITUD_DE_BECA add constraint FK_RELATIONSHIP_12 foreign key (ID_EXPEDIENTE)
      references EXPEDIENTE (ID_EXPEDIENTE) on delete restrict on update restrict;

alter table USUARIO add constraint FK_RELATIONSHIP_27 foreign key (ID_TIPO_USUARIO)
      references TIPO_USUARIO (ID_TIPO_USUARIO) on delete restrict on update restrict;

INSERT INTO DEPARTAMENTO  VALUES (1, 'AHUACHAPÁN');
INSERT INTO DEPARTAMENTO  VALUES (2, 'CABAÑAS');
INSERT INTO DEPARTAMENTO  VALUES (3, 'CHALATENANGO');
INSERT INTO DEPARTAMENTO  VALUES (4, 'CUSCATLÁN');
INSERT INTO DEPARTAMENTO  VALUES (5, 'LA LIBERTAD');
INSERT INTO DEPARTAMENTO  VALUES (6, 'LA PAZ');
INSERT INTO DEPARTAMENTO  VALUES (7, 'LA UNIÓN');
INSERT INTO DEPARTAMENTO  VALUES (8, 'MORAZÁN');
INSERT INTO DEPARTAMENTO  VALUES (9, 'SAN MIGUEL');
INSERT INTO DEPARTAMENTO  VALUES (10, 'SAN SALVADOR');
INSERT INTO DEPARTAMENTO  VALUES (11, 'SAN VICENTE');
INSERT INTO DEPARTAMENTO  VALUES (12, 'SANTA ANA');
INSERT INTO DEPARTAMENTO  VALUES (13, 'SONSONATE');
INSERT INTO DEPARTAMENTO  VALUES (14, 'USULUTÁN');

INSERT INTO MUNICIPIO  VALUES (1, 1, 'AHUACHAPÁN');
INSERT INTO MUNICIPIO  VALUES (2, 1, 'JUJUTLA');
INSERT INTO MUNICIPIO  VALUES (3, 1, 'ATIQUIZAYA');
INSERT INTO MUNICIPIO  VALUES (4, 1, 'CONCEPCIÓN DE ATACO');
INSERT INTO MUNICIPIO  VALUES (5, 1, 'EL REFUGIO');
INSERT INTO MUNICIPIO  VALUES (6, 1, 'GUAYMANGO');
INSERT INTO MUNICIPIO  VALUES (7, 1, 'APANECA');
INSERT INTO MUNICIPIO  VALUES (8, 1, 'SAN FRANCISCO MENÉNDEZ');
INSERT INTO MUNICIPIO  VALUES (9, 1, 'SAN LORENZO');
INSERT INTO MUNICIPIO  VALUES (10, 1, 'SAN PEDRO PUXTLA');
INSERT INTO MUNICIPIO  VALUES (11, 1, 'TACUBA');
INSERT INTO MUNICIPIO  VALUES (12, 1, 'TURÍN');
INSERT INTO MUNICIPIO  VALUES (13, 2, 'CINQUERA');
INSERT INTO MUNICIPIO  VALUES (14, 2, 'VILLA DOLORES');
INSERT INTO MUNICIPIO  VALUES (15, 2, 'GUACOTECTI');
INSERT INTO MUNICIPIO  VALUES (16, 2, 'ILOBASCO');
INSERT INTO MUNICIPIO  VALUES (17, 2, 'JUTIAPA');
INSERT INTO MUNICIPIO  VALUES (18, 2, 'SAN ISIDRO');
INSERT INTO MUNICIPIO  VALUES (19, 2, 'SENSUNTEPEQUE');
INSERT INTO MUNICIPIO  VALUES (20, 2, 'CIUDAD DE TEJUTEPEQUE');
INSERT INTO MUNICIPIO  VALUES (21, 2, 'VICTORIA');
INSERT INTO MUNICIPIO  VALUES (22, 3, 'AGUA CALIENTE');
INSERT INTO MUNICIPIO  VALUES (23, 3, 'ARCATAO');
INSERT INTO MUNICIPIO  VALUES (24, 3, 'AZACUALPA');
INSERT INTO MUNICIPIO  VALUES (25, 3, 'CHALATENANGO');
INSERT INTO MUNICIPIO  VALUES (26, 3, 'CITALÁ');
INSERT INTO MUNICIPIO  VALUES (27, 3, 'COMALAPA');
INSERT INTO MUNICIPIO  VALUES (28, 3, 'CONCEPCIÓN QUEZALTEPEQUE');
INSERT INTO MUNICIPIO  VALUES (29, 3, 'DULCE NOMBRE DE MARÍA');
INSERT INTO MUNICIPIO  VALUES (30, 3, 'EL CARRIZAL');
INSERT INTO MUNICIPIO  VALUES (31, 3, 'EL PARAÍSO');
INSERT INTO MUNICIPIO  VALUES (32, 3, 'LA LAGUNA');
INSERT INTO MUNICIPIO  VALUES (33, 3, 'LA PALMA');
INSERT INTO MUNICIPIO  VALUES (34, 3, 'LA REINA');
INSERT INTO MUNICIPIO  VALUES (35, 3, 'LAS VUELTAS');
INSERT INTO MUNICIPIO  VALUES (36, 3, 'NOMBRE DE JESÚS');
INSERT INTO MUNICIPIO  VALUES (37, 3, 'NUEVA CONCEPCIÓN');
INSERT INTO MUNICIPIO  VALUES (38, 3, 'NUEVA TRINIDAD');
INSERT INTO MUNICIPIO  VALUES (39, 3, 'OJOS DE AGUA');
INSERT INTO MUNICIPIO  VALUES (40, 3, 'POTONICO');
INSERT INTO MUNICIPIO  VALUES (41, 3, 'SAN ANTONIO DE LA CRUZ');
INSERT INTO MUNICIPIO  VALUES (42, 3, 'SAN ANTONIO LOS RANCHOS');
INSERT INTO MUNICIPIO  VALUES (43, 3, 'SAN FERNANDO');
INSERT INTO MUNICIPIO  VALUES (44, 3, 'SAN FRANCISCO LEMPA');
INSERT INTO MUNICIPIO  VALUES (45, 3, 'SAN FRANCISCO MORAZÁN');
INSERT INTO MUNICIPIO  VALUES (46, 3, 'SAN IGNACIO');
INSERT INTO MUNICIPIO  VALUES (47, 3, 'SAN ISIDRO LABRADOR');
INSERT INTO MUNICIPIO  VALUES (48, 3, 'SAN JOSÉ CANCASQUE');
INSERT INTO MUNICIPIO  VALUES (49, 3, 'SAN JOSÉ LAS FLORES');
INSERT INTO MUNICIPIO  VALUES (50, 3, 'SAN LUIS DEL CARMEN');
INSERT INTO MUNICIPIO  VALUES (51, 3, 'SAN MIGUEL DE MERCEDES');
INSERT INTO MUNICIPIO  VALUES (52, 3, 'SAN RAFAEL');
INSERT INTO MUNICIPIO  VALUES (53, 3, 'SANTA RITA');
INSERT INTO MUNICIPIO  VALUES (54, 3, 'TEJUTLA');
INSERT INTO MUNICIPIO  VALUES (55, 4, 'CANDELARIA');
INSERT INTO MUNICIPIO  VALUES (56, 4, 'COJUTEPEQUE');
INSERT INTO MUNICIPIO  VALUES (57, 4, 'EL CARMEN');
INSERT INTO MUNICIPIO  VALUES (58, 4, 'EL ROSARIO');
INSERT INTO MUNICIPIO  VALUES (59, 4, 'MONTE SAN JUAN');
INSERT INTO MUNICIPIO  VALUES (60, 4, 'ORATORIO DE CONCEPCIÓN');
INSERT INTO MUNICIPIO  VALUES (61, 4, 'SAN BARTOLOMÉ PERULAPÍA');
INSERT INTO MUNICIPIO  VALUES (62, 4, 'SAN CRISTÓBAL');
INSERT INTO MUNICIPIO  VALUES (63, 4, 'SAN JOSÉ GUAYABAL');
INSERT INTO MUNICIPIO  VALUES (64, 4, 'SAN PEDRO PERULAPÁN');
INSERT INTO MUNICIPIO  VALUES (65, 4, 'SAN RAFAEL CEDROS');
INSERT INTO MUNICIPIO  VALUES (66, 4, 'SAN RAMÓN');
INSERT INTO MUNICIPIO  VALUES (67, 4, 'SANTA CRUZ ANALQUITO');
INSERT INTO MUNICIPIO  VALUES (68, 4, 'SANTA CRUZ MICHAPA');
INSERT INTO MUNICIPIO  VALUES (69, 4, 'SUCHITOTO');
INSERT INTO MUNICIPIO  VALUES (70, 4, 'TENANCINGO');
INSERT INTO MUNICIPIO  VALUES (71, 5, 'ANTIGUO CUSCATLÁN');
INSERT INTO MUNICIPIO  VALUES (72, 5, 'CHILTIUPÁN');
INSERT INTO MUNICIPIO  VALUES (73, 5, 'CIUDAD ARCE');
INSERT INTO MUNICIPIO  VALUES (74, 5, 'COLÓN');
INSERT INTO MUNICIPIO  VALUES (75, 5, 'COMASAGUA');
INSERT INTO MUNICIPIO  VALUES (76, 5, 'HUIZÚCAR');
INSERT INTO MUNICIPIO  VALUES (77, 5, 'JAYAQUE');
INSERT INTO MUNICIPIO  VALUES (78, 5, 'JICALAPA');
INSERT INTO MUNICIPIO  VALUES (79, 5, 'LA LIBERTAD');
INSERT INTO MUNICIPIO  VALUES (80, 5, 'NUEVA SAN SALVADOR');
INSERT INTO MUNICIPIO  VALUES (81, 5, 'NUEVO CUSCATLÁN');
INSERT INTO MUNICIPIO  VALUES (82, 5, 'OPICO');
INSERT INTO MUNICIPIO  VALUES (83, 5, 'QUEZALTEPEQUE');
INSERT INTO MUNICIPIO  VALUES (84, 5, 'SACACOYO');
INSERT INTO MUNICIPIO  VALUES (85, 5, 'SAN JOSÉ VILLANUEVA');
INSERT INTO MUNICIPIO  VALUES (86, 5, 'SAN MATÍAS');
INSERT INTO MUNICIPIO  VALUES (87, 5, 'SAN PABLO TACACHICO');
INSERT INTO MUNICIPIO  VALUES (88, 5, 'TALNIQUE');
INSERT INTO MUNICIPIO  VALUES (89, 5, 'TAMANIQUE');
INSERT INTO MUNICIPIO  VALUES (90, 5, 'TEOTEPEQUE');
INSERT INTO MUNICIPIO  VALUES (91, 5, 'TEPECOYO');
INSERT INTO MUNICIPIO  VALUES (92, 5, 'ZARAGOZA');
INSERT INTO MUNICIPIO  VALUES (93, 6, 'CUYULTITÁN');
INSERT INTO MUNICIPIO  VALUES (94, 6, 'EL ROSARIO');
INSERT INTO MUNICIPIO  VALUES (95, 6, 'JERUSALÉN');
INSERT INTO MUNICIPIO  VALUES (96, 6, 'MERCEDES LA CEIBA');
INSERT INTO MUNICIPIO  VALUES (97, 6, 'OLOCUILTA');
INSERT INTO MUNICIPIO  VALUES (98, 6, 'PARAÍSO DE OSORIO');
INSERT INTO MUNICIPIO  VALUES (99, 6, 'SAN ANTONIO MASAHUAT');
INSERT INTO MUNICIPIO  VALUES (100, 6, 'SAN EMIGDIO');
INSERT INTO MUNICIPIO  VALUES (101, 6, 'SAN FRANCISCO CHINAMECA');
INSERT INTO MUNICIPIO  VALUES (102, 6, 'SAN JUAN NONUALCO');
INSERT INTO MUNICIPIO  VALUES (103, 6, 'SAN JUAN TALPA');
INSERT INTO MUNICIPIO  VALUES (104, 6, 'SAN JUAN TEPEZONTES');
INSERT INTO MUNICIPIO  VALUES (105, 6, 'SAN LUIS LA HERRADURA');
INSERT INTO MUNICIPIO  VALUES (106, 6, 'SAN LUIS TALPA');
INSERT INTO MUNICIPIO  VALUES (107, 6, 'SAN MIGUEL TEPEZONTES');
INSERT INTO MUNICIPIO  VALUES (108, 6, 'SAN PEDRO MASAHUAT');
INSERT INTO MUNICIPIO  VALUES (109, 6, 'SAN PEDRO NONUALCO');
INSERT INTO MUNICIPIO  VALUES (110, 6, 'SAN RAFAEL OBRAJUELO');
INSERT INTO MUNICIPIO  VALUES (111, 6, 'SANTA MARÍA OSTUMA');
INSERT INTO MUNICIPIO  VALUES (112, 6, 'SANTIAGO NONUALCO');
INSERT INTO MUNICIPIO  VALUES (113, 6, 'TAPALHUACA');
INSERT INTO MUNICIPIO  VALUES (114, 6, 'ZACATECOLUCA');
INSERT INTO MUNICIPIO  VALUES (115, 7, 'ANAMORÓS');
INSERT INTO MUNICIPIO  VALUES (116, 7, 'BOLÍVAR');
INSERT INTO MUNICIPIO  VALUES (117, 7, 'CONCEPCIÓN DE ORIENTE');
INSERT INTO MUNICIPIO  VALUES (118, 7, 'CONCHAGUA');
INSERT INTO MUNICIPIO  VALUES (119, 7, 'EL CARMEN');
INSERT INTO MUNICIPIO  VALUES (120, 7, 'EL SAUCE');
INSERT INTO MUNICIPIO  VALUES (121, 7, 'INTIPUCÁ');
INSERT INTO MUNICIPIO  VALUES (122, 7, 'LA UNIÓN');
INSERT INTO MUNICIPIO  VALUES (123, 7, 'LISLIQUE');
INSERT INTO MUNICIPIO  VALUES (124, 7, 'MEANGUERA DEL GOLFO');
INSERT INTO MUNICIPIO  VALUES (125, 7, 'NUEVA ESPARTA');
INSERT INTO MUNICIPIO  VALUES (126, 7, 'PASAQUINA');
INSERT INTO MUNICIPIO  VALUES (127, 7, 'POLORÓS');
INSERT INTO MUNICIPIO  VALUES (128, 7, 'SAN ALEJO');
INSERT INTO MUNICIPIO  VALUES (129, 7, 'SAN JOSÉ');
INSERT INTO MUNICIPIO  VALUES (130, 7, 'SANTA ROSA DE LIMA');
INSERT INTO MUNICIPIO  VALUES (131, 7, 'YAYANTIQUE');
INSERT INTO MUNICIPIO  VALUES (132, 7, 'YUCUAYQUÍN');
INSERT INTO MUNICIPIO  VALUES (133, 8, 'ARAMBALA');
INSERT INTO MUNICIPIO  VALUES (134, 8, 'CACAOPERA');
INSERT INTO MUNICIPIO  VALUES (135, 8, 'CHILANGA');
INSERT INTO MUNICIPIO  VALUES (136, 8, 'CORINTO');
INSERT INTO MUNICIPIO  VALUES (137, 8, 'DELICIAS DE CONCEPCIÓN');
INSERT INTO MUNICIPIO  VALUES (138, 8, 'EL DIVISADERO');
INSERT INTO MUNICIPIO  VALUES (139, 8, 'EL ROSARIO');
INSERT INTO MUNICIPIO  VALUES (140, 8, 'GUALOCOCTI');
INSERT INTO MUNICIPIO  VALUES (141, 8, 'GUATAJIAGUA');
INSERT INTO MUNICIPIO  VALUES (142, 8, 'JOATECA');
INSERT INTO MUNICIPIO  VALUES (143, 8, 'JOCOAITIQUE');
INSERT INTO MUNICIPIO  VALUES (144, 8, 'JOCORO');
INSERT INTO MUNICIPIO  VALUES (145, 8, 'LOLOTIQUILLO');
INSERT INTO MUNICIPIO  VALUES (146, 8, 'MEANGUERA');
INSERT INTO MUNICIPIO  VALUES (147, 8, 'OSICALA');
INSERT INTO MUNICIPIO  VALUES (148, 8, 'PERQUÍN');
INSERT INTO MUNICIPIO  VALUES (149, 8, 'SAN CARLOS');
INSERT INTO MUNICIPIO  VALUES (150, 8, 'SAN FERNANDO');
INSERT INTO MUNICIPIO  VALUES (151, 8, 'SAN FRANCISCO GOTERA');
INSERT INTO MUNICIPIO  VALUES (152, 8, 'SAN ISIDRO');
INSERT INTO MUNICIPIO  VALUES (153, 8, 'SAN SIMÓN');
INSERT INTO MUNICIPIO  VALUES (154, 8, 'SENSEMBRA');
INSERT INTO MUNICIPIO  VALUES (155, 8, 'SOCIEDAD');
INSERT INTO MUNICIPIO  VALUES (156, 8, 'TOROLA');
INSERT INTO MUNICIPIO  VALUES (157, 8, 'YAMABAL');
INSERT INTO MUNICIPIO  VALUES (158, 8, 'YOLOAIQUÍN');
INSERT INTO MUNICIPIO  VALUES (159, 9, 'CAROLINA');
INSERT INTO MUNICIPIO  VALUES (160, 9, 'CHAPELTIQUE');
INSERT INTO MUNICIPIO  VALUES (161, 9, 'CHINAMECA');
INSERT INTO MUNICIPIO  VALUES (162, 9, 'CHIRILAGUA');
INSERT INTO MUNICIPIO  VALUES (163, 9, 'CIUDAD BARRIOS');
INSERT INTO MUNICIPIO  VALUES (164, 9, 'COMACARÁN');
INSERT INTO MUNICIPIO  VALUES (165, 9, 'EL TRÁNSITO');
INSERT INTO MUNICIPIO  VALUES (166, 9, 'LOLOTIQUE');
INSERT INTO MUNICIPIO  VALUES (167, 9, 'MONCAGUA');
INSERT INTO MUNICIPIO  VALUES (168, 9, 'NUEVA GUADALUPE');
INSERT INTO MUNICIPIO  VALUES (169, 9, 'NUEVO EDÉN DE SAN JUAN');
INSERT INTO MUNICIPIO  VALUES (170, 9, 'QUELEPA');
INSERT INTO MUNICIPIO  VALUES (171, 9, 'SAN ANTONIO');
INSERT INTO MUNICIPIO  VALUES (172, 9, 'SAN GERARDO');
INSERT INTO MUNICIPIO  VALUES (173, 9, 'SAN JORGE');
INSERT INTO MUNICIPIO  VALUES (174, 9, 'SAN LUIS DE LA REINA');
INSERT INTO MUNICIPIO  VALUES (175, 9, 'SAN MIGUEL');
INSERT INTO MUNICIPIO  VALUES (176, 9, 'SAN RAFAEL');
INSERT INTO MUNICIPIO  VALUES (177, 9, 'SESORI');
INSERT INTO MUNICIPIO  VALUES (178, 9, 'ULUAZAPA');
INSERT INTO MUNICIPIO  VALUES (179, 10, 'AGUILARES');
INSERT INTO MUNICIPIO  VALUES (180, 10, 'APOPA');
INSERT INTO MUNICIPIO  VALUES (181, 10, 'AYUTUXTEPEQUE');
INSERT INTO MUNICIPIO  VALUES (182, 10, 'CUSCATANCINGO');
INSERT INTO MUNICIPIO  VALUES (183, 10, 'DELGADO');
INSERT INTO MUNICIPIO  VALUES (184, 10, 'EL PAISNAL');
INSERT INTO MUNICIPIO  VALUES (185, 10, 'GUAZAPA');
INSERT INTO MUNICIPIO  VALUES (186, 10, 'ILOPANGO');
INSERT INTO MUNICIPIO  VALUES (187, 10, 'MEJICANOS');
INSERT INTO MUNICIPIO  VALUES (188, 10, 'NEJAPA');
INSERT INTO MUNICIPIO  VALUES (189, 10, 'PANCHIMALCO');
INSERT INTO MUNICIPIO  VALUES (190, 10, 'ROSARIO DE MORA');
INSERT INTO MUNICIPIO  VALUES (191, 10, 'SAN MARCOS');
INSERT INTO MUNICIPIO  VALUES (192, 10, 'SAN MARTÍN');
INSERT INTO MUNICIPIO  VALUES (193, 10, 'SAN SALVADOR');
INSERT INTO MUNICIPIO  VALUES (194, 10, 'SANTIAGO TEXACUANGOS');
INSERT INTO MUNICIPIO  VALUES (195, 10, 'SANTO TOMÁS');
INSERT INTO MUNICIPIO  VALUES (196, 10, 'SOYAPANGO');
INSERT INTO MUNICIPIO  VALUES (197, 10, 'TONACATEPEQUE');
INSERT INTO MUNICIPIO  VALUES (198, 11, 'APASTEPEQUE');
INSERT INTO MUNICIPIO  VALUES (199, 11, 'GUADALUPE');
INSERT INTO MUNICIPIO  VALUES (200, 11, 'SAN CAYETANO ISTEPEQUE');
INSERT INTO MUNICIPIO  VALUES (201, 11, 'SAN ESTEBAN CATARINA');
INSERT INTO MUNICIPIO  VALUES (202, 11, 'SAN ILDEFONSO');
INSERT INTO MUNICIPIO  VALUES (203, 11, 'SAN LORENZO');
INSERT INTO MUNICIPIO  VALUES (204, 11, 'SAN SEBASTIÁN');
INSERT INTO MUNICIPIO  VALUES (205, 11, 'SANTA CLARA');
INSERT INTO MUNICIPIO  VALUES (206, 11, 'SANTO DOMINGO');
INSERT INTO MUNICIPIO  VALUES (207, 11, 'SAN VICENTE');
INSERT INTO MUNICIPIO  VALUES (208, 11, 'TECOLUCA');
INSERT INTO MUNICIPIO  VALUES (209, 11, 'TEPETITÁN');
INSERT INTO MUNICIPIO  VALUES (210, 11, 'VERAPAZ');
INSERT INTO MUNICIPIO  VALUES (211, 12, 'CANDELARIA DE LA FRONTERA');
INSERT INTO MUNICIPIO  VALUES (212, 12, 'CHALCHUAPA');
INSERT INTO MUNICIPIO  VALUES (213, 12, 'COATEPEQUE');
INSERT INTO MUNICIPIO  VALUES (214, 12, 'EL CONGO');
INSERT INTO MUNICIPIO  VALUES (215, 12, 'EL PORVENIR');
INSERT INTO MUNICIPIO  VALUES (216, 12, 'MASAHUAT');
INSERT INTO MUNICIPIO  VALUES (217, 12, 'METAPÁN');
INSERT INTO MUNICIPIO  VALUES (218, 12, 'SAN ANTONIO PAJONAL');
INSERT INTO MUNICIPIO  VALUES (219, 12, 'SAN SEBASTIÁN SALITRILLO');
INSERT INTO MUNICIPIO  VALUES (220, 12, 'SANTA ANA');
INSERT INTO MUNICIPIO  VALUES (221, 12, 'SANTA ROSA GUACHIPILÍN');
INSERT INTO MUNICIPIO  VALUES (222, 12, 'SANTIAGO DE LA FRONTERA');
INSERT INTO MUNICIPIO  VALUES (223, 12, 'TEXISTEPEQUE');
INSERT INTO MUNICIPIO  VALUES (224, 13, 'ACAJUTLA');
INSERT INTO MUNICIPIO  VALUES (225, 13, 'ARMENIA');
INSERT INTO MUNICIPIO  VALUES (226, 13, 'CALUCO');
INSERT INTO MUNICIPIO  VALUES (227, 13, 'CUISNAHUAT');
INSERT INTO MUNICIPIO  VALUES (228, 13, 'IZALCO');
INSERT INTO MUNICIPIO  VALUES (229, 13, 'JUAYÚA');
INSERT INTO MUNICIPIO  VALUES (230, 13, 'NAHUIZALCO');
INSERT INTO MUNICIPIO  VALUES (231, 13, 'NAHULINGO');
INSERT INTO MUNICIPIO  VALUES (232, 13, 'SALCOATITÁN');
INSERT INTO MUNICIPIO  VALUES (233, 13, 'SAN ANTONIO DEL MONTE');
INSERT INTO MUNICIPIO  VALUES (234, 13, 'SAN JULIÁN');
INSERT INTO MUNICIPIO  VALUES (235, 13, 'SANTA CATARINA MASAHUAT');
INSERT INTO MUNICIPIO  VALUES (236, 13, 'SANTA ISABEL ISHUATÁN');
INSERT INTO MUNICIPIO  VALUES (237, 13, 'SANTO DOMINGO');
INSERT INTO MUNICIPIO  VALUES (238, 13, 'SONSONATE');
INSERT INTO MUNICIPIO  VALUES (239, 13, 'SONZACATE');
INSERT INTO MUNICIPIO  VALUES (240, 14, 'ALEGRÍA');
INSERT INTO MUNICIPIO  VALUES (241, 14, 'BERLÍN');
INSERT INTO MUNICIPIO  VALUES (242, 14, 'CALIFORNIA');
INSERT INTO MUNICIPIO  VALUES (243, 14, 'CONCEPCIÓN BATRES');
INSERT INTO MUNICIPIO  VALUES (244, 14, 'EL TRIUNFO');
INSERT INTO MUNICIPIO  VALUES (245, 14, 'EREGUAYQUÍN');
INSERT INTO MUNICIPIO  VALUES (246, 14, 'ESTANZUELAS');
INSERT INTO MUNICIPIO  VALUES (247, 14, 'JIQUILISCO');
INSERT INTO MUNICIPIO  VALUES (248, 14, 'JUCUAPA');
INSERT INTO MUNICIPIO  VALUES (249, 14, 'JUCUARÁN');
INSERT INTO MUNICIPIO  VALUES (250, 14, 'MERCEDES UMAÑA');
INSERT INTO MUNICIPIO  VALUES (251, 14, 'NUEVA GRANADA');
INSERT INTO MUNICIPIO  VALUES (252, 14, 'OZATLÁN');
INSERT INTO MUNICIPIO  VALUES (253, 14, 'PUERTO EL TRIUNFO');
INSERT INTO MUNICIPIO  VALUES (254, 14, 'SAN AGUSTÍN');
INSERT INTO MUNICIPIO  VALUES (255, 14, 'SAN BUENAVENTURA');
INSERT INTO MUNICIPIO  VALUES (256, 14, 'SAN DIONISIO');
INSERT INTO MUNICIPIO  VALUES (257, 14, 'SAN FRANCISCO JAVIER');
INSERT INTO MUNICIPIO  VALUES (258, 14, 'SANTA ELENA');
INSERT INTO MUNICIPIO  VALUES (259, 14, 'SANTA MARÍA');
INSERT INTO MUNICIPIO  VALUES (260, 14, 'SANTIAGO DE MARÍA');
INSERT INTO MUNICIPIO  VALUES (261, 14, 'TECAPÁN');
INSERT INTO MUNICIPIO  VALUES (262, 14, 'USULUTÁN');

INSERT INTO `ACCION` (`ID_ACCION`, `ACCION`) VALUES
(1, 'INGRESAR');
INSERT INTO `ACCION` (`ID_ACCION`, `ACCION`) VALUES
(2, 'ACTUALIZAR');
INSERT INTO `ACCION` (`ID_ACCION`, `ACCION`) VALUES
(3, 'CONSULTAR');
INSERT INTO `ACCION` (`ID_ACCION`, `ACCION`) VALUES
(4, 'ELIMINAR');
INSERT INTO `ACCION` (`ID_ACCION`, `ACCION`) VALUES
(5, 'LOGIN');
INSERT INTO `ACCION` (`ID_ACCION`, `ACCION`) VALUES
(6, 'LOGOUT');
INSERT INTO `ACCION` (`ID_ACCION`, `ACCION`) VALUES(7, 'REPORTE');

INSERT INTO FACULTAD VALUES (1, 'JURISPRUDENCIA Y CIENCIAS SOCIALES');
INSERT INTO FACULTAD VALUES (2, 'INGENIERÍA Y ARQUITECTURA');
INSERT INTO FACULTAD VALUES (3, 'MEDICINA');
INSERT INTO FACULTAD VALUES (4, 'ODONTOLOGÍA');
INSERT INTO FACULTAD VALUES (5, 'MULTIDISCIPLINARIA PARACENTRAL');
INSERT INTO FACULTAD VALUES (6, 'MULTIDISCIPLINARIA ORIENTAL');
INSERT INTO FACULTAD VALUES (7, 'MULTIDISCIPLINARIA DE OCCIDENTE');
INSERT INTO FACULTAD VALUES (8, 'QUÍMICA Y FARMACIA');
INSERT INTO FACULTAD VALUES (9, 'CIENCIAS AGRONÓMICAS');
INSERT INTO FACULTAD VALUES (10, 'CIENCIAS Y HUMANIDADES');
INSERT INTO FACULTAD VALUES (11, 'CIENCIAS NATURALES MATEMÁTICA');
INSERT INTO FACULTAD VALUES (12, 'CIENCIAS ECONÓMICAS');
INSERT INTO FACULTAD VALUES (13, 'ADMINISTRATIVO');

INSERT INTO TIPO_USUARIO  VALUES (1, 'CANDIDATO', 'PROFESIONAL QUE PUEDE OPTAR POR UNA BECA.');
INSERT INTO TIPO_USUARIO  VALUES (2, 'BECARIO', 'PROFESIONAL QUE TRAS UN PROCESO DE SELECCIÓN SE LE CONCEDIÓ UNA BECA Y ESTÁ CURSANDO ACTUALMENTE EL PROCESO.');
INSERT INTO TIPO_USUARIO  VALUES (3, 'COMISIÓN DE BECA DE UNA FACULTAD', 'ENTIDAD ENCARGADA DE VELAR POR TODO LO REFERENTE A LAS BECAS DE LA FACULTAD.');
INSERT INTO TIPO_USUARIO  VALUES (4, 'JUNTA DIRECTIVA DE UNA FACULTAD', 'ENTIDAD SUPERIOR DE UNA FACULTAD QUE DECIDE SOBRE EL OTORGAMIENTO DE BECAS TRAS RECIBIR LA PROPUESTA DE LA COMISIÓN DE BECAS DE DICHA FACULTAD.');
INSERT INTO TIPO_USUARIO  VALUES (5, 'CONSEJO SUPERIOR UNIVERSITARIO', 'ENTIDAD SUPERIOR DE LA UNIVERSIDAD DE EL SALVADOR ENCARGADA DE DICTAR RESOLUCIONES PERTINENTES PARA EL CUMPLIMIENTO DE LAS LEYES Y REGLAMENTOS UNIVERSITARIOS.');
INSERT INTO TIPO_USUARIO  VALUES (6, 'FISCALÍA', 'ENTIDAD ENCARGADA DE ASESORAR Y DAR GARANTÍA A LOS CONTRATOS DE BECAS CON LOS BECARIOS.');
INSERT INTO TIPO_USUARIO  VALUES (7, 'COLABORADOR DEL CONSEJO DE BECAS', 'DELEGADO DEL CONSEJO DE BECAS PARA APOYAR EN LAS ACTIVIDADES DE DICHA ORGANIZACIÓN.');
INSERT INTO TIPO_USUARIO  VALUES (8, 'DIRECTOR/A DEL CONSEJO DE BECAS', 'AUTORIDAD SUPERIOR DEL CONSEJO DE BECAS Y QUE MONITOREA LAS BECAS DE POSTGRADO.');
INSERT INTO TIPO_USUARIO  VALUES (9, 'ADMINISTRADOR DEL SISTEMA', 'REALIZA FUNCIONES DE GESTIÓN DE USUARIOS Y REVISIÓN DE BITÁCORAS DEL SISTEMA.');
INSERT INTO TIPO_USUARIO  VALUES (10, 'INACTIVO O ANÓNIMO', 'ESTE ROL SE DEFINE PARA LOS USUARIOS DEL SISTEMA QUE YA NO TIENEN ACCESO AL MISMO.');

INSERT  INTO `USUARIO`(`ID_USUARIO`,`ID_TIPO_USUARIO`,`NOMBRE_USUARIO`,`CLAVE`) VALUES 
(1,1,'GM16001', MD5('GM16001')),
(2,7,'LP16002', MD5('LP16002')),
(3,2,'MM16003', MD5('MM16003')),
(4,2,'MM16004', MD5('MM16004')),
(5,2,'LP16005', MD5('LP16005')),
(6,3,'HP16006', MD5('HP16006')),
(7,4,'RR16007', MD5('RR16007')),
(8,2,'MR16008', MD5('MR16008')),
(9,4,'PL16009', MD5('PL16009')),
(10,4,'MM16010', MD5('MM16010')),
(11,3,'CV16011', MD5('CV16011')),
(12,5,'GS16012', MD5('GS16012')),
(13,6,'ES16013', MD5('ES16013')),
(14,8,'PP16014', MD5('PP16014')),
(15,9,'CM16015', MD5('CM16015'));

INSERT  INTO `DETALLE_USUARIO`(`ID_DETALLE_USUARIO`,`ID_USUARIO`,`ID_MUNICIPIO`,`ID_FACULTAD`,`ID_MUNICIPIO_NACIMIENTO`,`CARNET`,`NOMBRE1_DU`,`NOMBRE2_DU`,`APELLIDO1_DU`,`APELLIDO2_DU`,`DEPARTAMENTO`,`FECHA_NACIMIENTO`,`PROFESION`,`FECHA_CONTRATACION`,`TELEFONO_MOVIL`,`TELEFONO_CASA`,`TELEFONO_OFICINA`,`DIRECCION`,`GENERO`,`EMAIL`) VALUES (1,1,NULL,2,NULL,'GM16001','OSCAR','DARÍO','GONZÁLEZ','MURÍLLO',NULL,NULL,NULL,NULL,NULL,NULL,NULL,NULL,'M','UES2016TEST@gmail.com'),(2,2,NULL,12,NULL,'LP16002','GERMÁN','ANTONIO','LOTERO','PAZ',NULL,NULL,NULL,NULL,NULL,NULL,NULL,NULL,'M','UES2016TEST@gmail.com'),(3,3,NULL,12,NULL,'MM16003','CARLOS','ALBERTO','MORENO','MORENO',NULL,NULL,NULL,NULL,NULL,NULL,NULL,NULL,'M','UES2016TEST@gmail.com'),(4,4,NULL,8,NULL,'MM16004','ARTURO','TABARES','MORENO','MORA',NULL,NULL,NULL,NULL,NULL,NULL,NULL,NULL,'M','UES2016TEST@gmail.com'),(5,5,NULL,9,NULL,'LP16005','MARIA','JOSÉ','LARA','PAZ',NULL,NULL,NULL,NULL,NULL,NULL,NULL,NULL,'F','UES2016TEST@gmail.com'),(6,6,NULL,2,NULL,'HP16006','KARLA','MARINA','HURTADO','PAZ',NULL,NULL,NULL,NULL,NULL,NULL,NULL,NULL,'F','UES2016TEST@gmail.com'),(7,7,NULL,2,NULL,'RR16007','JULIO','CESAR','RODAS','RODAS',NULL,NULL,NULL,NULL,NULL,NULL,NULL,NULL,'M','UES2016TEST@gmail.com'),(8,8,NULL,2,NULL,'MR16008','LUIS','GUILLERMO','MORENO','RODAS',NULL,NULL,NULL,NULL,NULL,NULL,NULL,NULL,'M','UES2016TEST@gmail.com'),(9,9,NULL,4,NULL,'PL16009','CARLOS ','DAVID','PAZ','LINARES',NULL,NULL,NULL,NULL,NULL,NULL,NULL,NULL,'M','UES2016TEST@gmail.com'),(10,10,NULL,7,NULL,'MM16010','ROBERTO','DAVID','MOLINA','MOLINA',NULL,NULL,NULL,NULL,NULL,NULL,NULL,NULL,'M','UES2016TEST@gmail.com'),(11,11,NULL,9,NULL,'CV16011','DELMY','VICTORIA','CORREA','SILVA',NULL,NULL,NULL,NULL,NULL,NULL,NULL,NULL,'F','UES2016TEST@gmail.com'),(12,12,NULL,13,NULL,'GS16012','FABIO','ALEXANDER','GARCÍA','SILVA',NULL,NULL,NULL,NULL,NULL,NULL,NULL,NULL,'M','UES2016TEST@gmail.com'),(13,13,NULL,13,NULL,'ES16013','LUIS','ANIBAL','ESCOBAR','SILVA',NULL,NULL,NULL,NULL,NULL,NULL,NULL,NULL,'M','UES2016TEST@gmail.com'),(14,14,NULL,13,NULL,'PP16014','LIDA','PATRICIA','PINEDA','PINEDA',NULL,NULL,NULL,NULL,NULL,NULL,NULL,NULL,'F','UES2016TEST@gmail.com'),(15,15,NULL,13,NULL,'CM16015','JULIO ','CESAR','CASTRO','MONSALVE',NULL,NULL,NULL,NULL,NULL,NULL,NULL,NULL,'M','UES2016TEST@gmail.com');

INSERT INTO `EXPEDIENTE` (`ID_EXPEDIENTE`, `ID_PROGRESO`, `ESTADO_EXPEDIENTE`) VALUES (0, NULL, 'ABIERTO');



INSERT INTO `tipo_documento` (`ID_TIPO_DOCUMENTO`, `TIPO_DOCUMENTO`, `DEPARTAMENTO`, `DESCRIPCION`) VALUES

(0, NULL, NULL, NULL),

(1, 'REGLAMENTO DE BECAS', 'CONSEJO DE BECAS', 'PUBLICO'),

(2, 'OFERTA DE BECA', 'CONSEJO DE BECAS', 'OFERTA DE BECA'),

(3, 'GUIA DE PROCEDIMIENTOS', 'CONSEJO DE BECAS', 'PUBLICO'),

(4, 'FORMATO DE CARTA DE SOLICITUD DE PERMISO INICIAL', 'CONSEJO DE BECAS', 'PUBLICO'),

(100, 'CARTA DE SOLICITUD DE PERMISO INICIAL', 'JUNTA DIRECTIVA', 'DOCUMENTO NECESARIO PARA REALIZAR LA SOLICITUD DEL ACUERDO DE PERMISO INICIAL'),

(101, 'CARTA DE SOLICITUD DE LA ESCUELA O DEPARTAMENTO', 'TODOS', 'ANEXO PARA OBTENER ACUERDOS'),

(102, 'CARTA DE SOLICITUD DE LA INSTITUCION QUE OFERTA LA BECA', 'TODOS', 'ANEXO PARA OBTENER ACUERDOS'),

(103, 'ACUERDO DE PERMISO INICIAL  ', 'JUNTA DIRECTIVA', 'ACUERDO QUE PERMITE A UN CANDIDATO PODER GESTIONAR ANTE EL CONSEJO DE BECAS UNA BECA DE POSTGRADO QUE LE HAYA INTERESADO.'),

(104, 'CARTA DE SOLICITUD DE AUTORIZACION INICIAL', 'CONSEJO DE BECAS', 'DOCUMENTO NECESARIO PARA REALIZAR LA SOLICITUD DEL ACUERDO DE AUTORIZACION INICIAL'),

(105, 'ACUERDO DE AUTORIZACION INICIAL', 'CONSEJO DE BECAS', 'ACUERDO QUE PERMITE A UN CANDIDATO PODER GESTIONAR ANTE LA COMISION DE BECAS EL DICTAMEN DE PROPUESTA ANTE JUNTA DIRECTIVA.'),

(106, 'CARTA DE SOLICITUD DE DICTAMEN DE PROPUESTA ANTE JUNTA DIRECTIVA ', 'COMISION DE BECAS', 'DOCUMENTO NECESARIO PARA REALIZAR LA SOLICITUD DEL DICTAMEN DE PROPUESTA ANTE JUNTA DIRECTIVA.'),

(107, 'CARTA DE RECOMENDACION DE LA ESCUELA O DEPARTAMENTO', 'COMISION DE BECAS', 'DOCUMENTO QUE SE UTILIZA PARA EMITIR UNA RESOLUCION DE LA SOLICITUD DE DICTAMEN DE PROPUESTA'),

(108, 'CARTA DE ACEPTACION DE LA INSTITUCION QUE OFRECE LA BECA', 'COMISION DE BECAS', 'DOCUMENTO QUE SE UTILIZA PARA EMITIR UNA RESOLUCION DE LA SOLICITUD DE DICTAMEN DE PROPUESTA'),

(109, 'PLAN DE ESTUDIOS', 'COMISION DE BECAS', 'DOCUMENTO QUE SE UTILIZA PARA EMITIR UNA RESOLUCION DE LA SOLICITUD DE DICTAMEN DE PROPUESTA'),

(110, 'CONSTANCIA DE LA UNIDAD DE RECURSOS HUMANOS DEL TIEMPO DE SERVICIO', 'COMISION DE BECAS', 'DOCUMENTO QUE SE UTILIZA PARA EMITIR UNA RESOLUCION DE LA SOLICITUD DE DICTAMEN DE PROPUESTA'),

(111, 'CARTA DE LEGALIZACION DE MAESTRIA ANTE EL MINED', 'COMISION DE BECAS', 'DOCUMENTO QUE SE UTILIZA PARA EMITIR UNA RESOLUCION DE LA SOLICITUD DE DICTAMEN DE PROPUESTA'),

(112, 'DICTAMEN DE PROPUESTA ANTE JUNTA DIRECTIVA', 'COMISION DE BECAS', 'DOCUMENTO QUE SE UTILIZA PARA EMITIR LOS ACUERDOS DE PERMISOS DE BECA DE LA JUNTA DIRECTIVA'),
(113, 'CARTA DE SOLICITUD DE PRORROGA', 'CONSEJO DE BECAS', 'DOCUMENTO QUE SE UTILIZA PARA SOLICITAR UNA EXTENSION DE LA BECA OBETENIDA'),
(114, 'CARTA DE SOLICITUD DE PRORROGA', 'JUNTA DIRECTIVA', 'DOCUMENTO QUE SE UTILIZA PARA SOLICITAR UNA EXTENSION DE LA DURACION DE LA BECA'),
(115, 'CONSTANCIA DE SOLICITUD DE PRORROGA', 'CONSEJO DE BECAS', 'AVAL POR PARTE DE LA INSTITUCION DE ESTUDIO PARA BRINDAR PRORROGA'),
(116, 'CARTA DE SOLICITUD DE ACUERDO DE AÑO FISCAL', 'JUNTA DIRECTIVA', 'SOLICITUD POR PARTE DEL BECARIO PARA ACUERDO DE AÑO FISCAL'),
(117, 'ACUERDO DE PERMISO INICIAL', 'JUNTA DIRECTIVA', NULL),

(118, 'ACUERDO DE AUTORIZACION INICIAL', 'CONSEJO DE BECAS', NULL),

(119, 'DICTAMEN DE PROPUESTA', 'COMISION DE BECAS', NULL),

(120, 'ACUERDO DE PERMISO DE BECA INTERNA', 'JUNTA DIRECTIVA', NULL),

(121, 'ACUERDO DE JUNTA DIRECTIVA DE PERMISO DE BECA CON GOCE DE SUELDO Y TRAMITE DE MISION OFICIAL\r\n', 'JUNTA DIRECTIVA\r\n', NULL),

(122, 'SOLICITUD DE BECA FIRMADA\r\n', 'CANDIDATO\r\n', NULL),

(123, 'DICTAMEN DEL JEFE DEL DEPARTAMENTO O ESCUELA QUE MANIFIESTA ELECCION POR CONCURSO DE OPOSICIÓN\r\n', 'CANDIDATO\r\n', NULL),

(124, 'TÍTULO ACADÉMICO\r\n', 'CANDIDATO', NULL),

(125, 'PARTIDA DE NACIMIENTO\r\n', 'CANDIDATO', NULL),

(126, 'DUI\r\n', 'CANDIDATO', NULL),

(127, 'CURRÍCULUM VITAE\r\n', 'CANDIDATO', NULL),

(128, 'NOTAS GLOBALES\r\n', 'CANDIDATO', NULL),

(129, 'CERTIFICADO DE SALUD\r\n', 'CANDIDATO', NULL),

(130, 'PODER JUDICIAL OTORGADO A SU APODERADO\r\n', 'CANDIDATO', NULL),

(131, 'ACUERDO DE OTORGAMIENTO DE BECA\r\n', 'CONSEJO DE BECAS\r\n', NULL),

(132, 'ACUERDO DE PERMISO DE BECA INTERNA (CSU)\r\n', 'CONSEJO SUPERIOR UNIVERSITARIO\r\n', NULL),

(133, 'ACUERDO DE PERMISO DE BECA CON GOCE DE SUELDO Y MISION OFICIAL\r\n', 'CONSEJO SUPERIOR UNIVERSITARIO', NULL),

(134, 'CONTRATO DE BECA\r\n', 'FISCALIA\r\n', NULL),

(135, 'CARTA DE SOLICITUD DE ACUERDO DE AÑO FISCAL\r\n', 'BECARIO\r\n', NULL),

(136, 'ACUERDO DE AÑO FISCAL\r\n', 'JUNTA DIRECTIVA\r\n', NULL),

(137, 'CARTA DE SOLICITUD DE PRORROGA PARA JUNTA DIRECTIVA\r\n', 'BECARIO\r\n', NULL),

(138, 'CARTA DE SOLICITUD DE PRORROGA PARA EL CONSEJO SUPERIOR UNIVERSITARIO\r\n', 'BECARIO\r\n', NULL),

(139, 'CONSTANCIA DE LA INSTITUCION\r\n', 'BECARIO\r\n', NULL),

(140, 'ACUERDO DE PRORROGA DE BECA JUNTA DIRECTIVA\r\n', 'JUNTA DIRECTIVA\r\n', NULL),

(141, 'ACUERDO DE PRORROGA DE BECA CONSEJO DE BECAS\r\n', 'CONSEJO DE BECAS\r\n', NULL),

(142, 'ACUERDO DE PRORROGA DE BECA CONSEJO SUPERIOR UNIVERSITARIO\r\n', 'CONSEJO SUPERIOR UNIVERSITARIO\r\n', NULL),

(143, 'TITULO OBTENIDO\r\n', 'BECARIO\r\n', NULL),
(144, 'CERTIFICACION DE NOTAS\r\n', 'BECARIO\r\n', NULL),

(145, 'ACTA DE EVALUACION DE TESIS\r\n', 'BECARIO\r\n', NULL),

(146, 'CONSTANCIA DE EGRESADO\r\n', 'BECARIO\r\n', NULL),

(147, 'ACTA DE TOMA DE POSESION\r\n', 'BECARIO\r\n', NULL),

(148, 'PROYECTO EN QUE APOYARA\r\n', 'BECARIO\r\n', NULL),

(149, 'CARTA DE SOLIITUD DE INICIO DE SERVICIO CONTRACTUAL JUNTA DIRECTIVA\r\n', 'BECARIO\r\n', NULL),

(150, 'CARTA DE SOLIITUD DE INICIO DE SERVICIO CONTRACTUAL  CONSEJO DE BECAS\r\n', 'BECARIO\r\n', NULL),

(151, 'ACUERDO DE INICIO DE SERVICIO CONTRACTUAL JUNTA DIRECTIVA\r\n', 'JUNTA DIRECTIVA\r\n', NULL),

(152, 'ACUERDO DE INICIO DE SERVICIO CONTRACTUAL CONSEJO DE BECAS\r\n', 'CONSEJO DE BECAS\r\n', NULL),

(153, 'CARTA DE SOLICITUD DE ACUERDO DE GESTION DE COMPROMISO CONTRACTUAL\r\n', 'BECARIO\r\n', NULL),

(154, 'CARTA DE OFICINA DE RRHH QUE CUNPLIO CON EL TIEMPO ACORDADO\r\n', 'BECARIO\r\n', NULL),

(155, 'ACUERDO DE GESTION DE COMPROMISO CONTRACTUAL\r\n', 'JUNTA DIRECTIVA\r\n', NULL),

(156, 'CARTA DE SOLICITUD DE  ACUERDO DE GESTION DE LIBERACION\r\n', 'BECARIO\r\n', NULL),

(157, 'ACUERDO DE GESTION DE LIBERACION\r\n', 'CONSEJO DE BECAS\r\n', NULL),

(158, 'ACUERDO DE LIBERACION DEL COMPROMISO CONTRACTUAL\r\n', 'CONSEJO SUPERIOR UNIVERSITARIO\r\n', NULL),

(159, 'ACTA DE REINTEGRO DE BECA\r\n', 'FISCALIA\r\n', NULL);

INSERT INTO `IDIOMA` (`ID_IDIOMA`, `ID_DETALLE_USUARIO`, `IDIOMA`, `NIVEL_HABLA`, `NIVEL_LECTURA`, `NIVEL_ESCRITO`) VALUES
(1, 15, 'ESPAÑOL', '1', '1', '1'),
(2, 11, 'INGLES', '1', '1', '1'),
(3, 11, 'ALEMAN', '1', '1', '1'),
(4, 11, 'FRANCES', '1', '1', '1'),
(5, 11, 'PORTUGUES', '1', '1', '1'),
(6, 11, 'ITALIANO', '1', '1', '1');

INSERT INTO `INSTITUCION` (`ID_INSTITUCION`, `NOMBRE_INSTITUCION`, `TIPO_INSTITUCION`, `PAIS`, `PAGINA_WEB`, `EMAIL`, `INSTITUCION_ACTIVA`) VALUES
(0, 'UNIVERSIDAD DE MADRID', 'OFERTANTE', 'ESPAÑA', 'WWW.UESMADRID.ES', 'UESMADRIDMAIL.COM', 1),
(1, 'UNIVERSIDAD DE NUEVO LEON', 'OFERTANTE', 'MEXICO', 'NUEVOLEON.COM', 'NUEVOLEO@EDU.MX', 1),
(2, 'UNIVERSIDAD DE MONTERREY', 'ESTUDIO', 'MEXICO', 'UNIVERSIDADMONTERREY.EDU.MX', 'UMONT@EDU.MX', 1),
(3, 'UNIVERSIDAD DE EL SALVADOR', 'ESTUDIO', 'EL SALVADOR', 'UES.COM.SV', 'UES@MAIL.COM.SV', 1);

INSERT INTO `progreso` (`ID_PROGRESO`, `NOMBRE_PROGRESO`, `DESCRIPCION_PROGRESO`, `ESTADO_BECARIO`) VALUES
(1, 'ACUERDO DE PERMISO INICIAL', NULL, 'CANDIDATO'),
(2, 'ACUERDO DE AUTORIZACION INICIAL', NULL, 'CANDIDATO'),
(3, 'DICTAMEN DE PROPUESTA ANTE JUNTA DIRECTIVA', NULL, 'CANDIDATO'),
(4, 'ACUERDOS DE PERMISOS DE BECA JUNTA DIRECTIVA', NULL, 'CANDIDATO'),
(5, 'SOLICITUD DE BECA', NULL, 'CANDIDATO'),
(6, 'RESOLUCION DEL EXPEDIENTE DE BECA', NULL, 'CANDIDATO'),
(7, 'ACUERDOS DEL CONSEJO SUPERIOR UNIVERSITARIO', NULL, 'CANDIDATO'),
(8, 'ELABORACION DE CONTRATO DE BECA', NULL, 'CANDIDATO'),
(9, 'REALIZACION DE ESTUDIOS DE POSTGRADO', NULL, 'ACTIVO'),
(10, 'ACUERDO FISCAL', NULL, 'ACTIVO'),
(11, 'ENTREGA DOCUMENTOS FINALIZACION DE BECA', NULL, 'ACTIVO'),
(12, 'CUMPLIMIENTO DE SERVICIO CONTRACTUAL', NULL, 'CONTRACTUAL'),
(13, 'ACUERDO DE GESTION DE COMPROMISO CONTRACTUAL', NULL, 'CONTRACTUAL'),
(14, 'ACUERDO DE GESTION DE LIBERACION', NULL, 'CONTRACTUAL'),
(15, 'ACUERDO DE LIBERACION DE BECARIO', NULL, 'CONTRACTUAL'),
(16, 'BECA FINALIZADA', NULL, 'LIBERADO'),
(20, 'ACUERDO DE PRORROGA DE JUNTA DIRECTIVA', NULL, 'ACTIVO'),
(21, 'ACUERDO DE PRORROGA CONSEJO DE BECAS', NULL, 'ACTIVO'),
(22, 'ACUERDO DE PRORROGA CONSEJO SUPERIOR UNIVERSITARIO', NULL, 'ACTIVO'),
(23, 'REINTEGRO DE BECA', NULL, 'INCUMPLIMIENTO ');